id,seller,buyer,food,address,phone,sell_at
1,35,87,98,28632 Lukken Alley,81-(303)905-6433,2015-12-06 01:44:52
2,3,55,51,9719 Pennsylvania Avenue,86-(755)662-1744,2015-11-19 10:32:04
3,6,30,36,5 Pawling Way,53-(524)796-4486,2015-07-25 10:16:00
4,12,95,18,877 Pankratz Center,86-(189)225-7297,2016-01-25 14:46:40
5,15,61,67,40 Ruskin Plaza,55-(241)150-0648,2015-09-21 20:02:05
6,45,47,18,000 Walton Park,63-(701)633-8013,2015-10-12 11:10:59
7,12,12,86,20 Charing Cross Park,375-(471)383-9008,2015-09-16 22:24:00
8,48,50,1,3003 Pleasure Center,420-(807)321-0666,2015-12-18 22:01:36
9,8,67,90,041 Randy Way,86-(927)344-5231,2015-11-16 22:28:35
10,37,39,26,61709 Heffernan Way,63-(317)595-6791,2015-10-05 17:22:07
11,29,37,86,47050 Helena Terrace,86-(882)714-2327,2015-09-23 09:21:31
12,33,61,30,472 Talmadge Junction,56-(345)247-2067,2015-09-12 23:10:59
13,10,15,38,102 Dovetail Crossing,62-(220)501-1355,2015-10-21 10:05:38
14,20,58,99,55059 Claremont Street,84-(134)705-3050,2016-01-01 14:08:22
15,42,52,94,9 Stang Circle,970-(940)335-8930,2016-03-15 10:55:32
16,20,5,86,52931 Waxwing Alley,355-(814)505-6861,2015-08-16 11:49:25
17,30,34,12,228 Carpenter Hill,7-(497)672-5975,2016-01-09 08:24:10
18,3,85,76,8 Dennis Point,504-(777)124-4983,2015-12-15 12:47:45
19,8,79,5,19519 Amoth Park,972-(395)418-2723,2015-11-21 01:42:38
20,36,52,1,740 Vera Place,55-(501)259-6158,2015-04-10 18:29:42
21,14,4,97,9039 Anzinger Junction,1-(168)223-0019,2015-06-21 23:46:55
22,36,6,53,09 Ridge Oak Center,977-(698)337-0354,2016-01-24 15:11:05
23,44,66,22,58 Northport Crossing,66-(199)132-1751,2015-06-01 17:16:37
24,48,91,9,168 Sunbrook Street,57-(899)440-9984,2016-01-12 01:32:35
25,14,83,22,0 Lake View Place,63-(799)373-0148,2015-07-18 13:10:09
26,40,48,22,8 Fulton Lane,86-(572)889-3344,2015-03-30 00:46:46
27,21,80,100,05590 Bunting Trail,420-(860)387-2463,2015-04-02 07:24:33
28,14,72,83,47092 Pierstorff Court,46-(354)622-8406,2015-10-11 11:34:02
29,4,85,26,76 Alpine Parkway,970-(722)130-0990,2015-09-03 23:24:30
30,49,36,56,9 Bartillon Parkway,48-(709)413-9108,2016-03-15 06:49:25
31,37,6,23,96603 Garrison Terrace,55-(551)217-9048,2015-06-16 09:30:08
32,12,92,83,7849 Rigney Place,86-(441)227-9719,2016-03-10 11:06:31
33,47,87,37,9 Oakridge Park,370-(685)225-5459,2016-01-12 02:16:19
34,16,100,14,2 Fair Oaks Street,351-(193)222-9497,2015-08-15 04:50:03
35,40,18,95,6258 Havey Road,86-(503)271-9191,2015-12-14 09:33:04
36,41,95,14,44720 Maple Place,62-(620)724-1632,2015-11-11 18:48:25
37,32,56,71,7 Buena Vista Place,98-(257)646-6902,2015-10-31 16:17:33
38,40,87,25,1653 Farragut Terrace,84-(268)396-2684,2015-07-19 13:00:52
39,11,6,40,77 Westerfield Lane,86-(514)121-9672,2016-02-01 11:16:43
40,7,20,38,5967 Fallview Trail,52-(633)857-9764,2015-11-17 11:32:27
41,47,89,90,9837 Sunnyside Plaza,31-(182)887-5240,2016-01-07 02:31:12
42,9,25,88,0786 Everett Parkway,967-(675)815-7046,2016-02-03 20:04:41
43,47,32,98,0215 Muir Road,63-(677)572-2051,2016-02-18 06:14:27
44,24,87,28,598 North Trail,86-(678)555-1319,2015-10-26 06:21:10
45,13,96,40,727 Loeprich Park,351-(764)529-7611,2016-03-21 02:34:11
46,14,40,17,6 Anthes Crossing,48-(381)434-0561,2016-03-27 15:41:03
47,48,39,25,14200 Bunting Alley,58-(453)894-3631,2016-03-02 15:06:12
48,25,58,81,824 Cherokee Park,62-(980)919-6132,2015-05-01 04:59:01
49,10,14,95,4 Springview Pass,27-(714)198-2719,2015-07-05 02:12:52
50,29,89,16,3108 Farwell Avenue,92-(235)375-2522,2015-05-24 19:59:00
51,21,91,81,71939 Stone Corner Way,86-(635)895-8766,2015-06-01 00:01:44
52,22,21,15,9188 Southridge Parkway,86-(677)691-8687,2016-03-10 23:07:52
53,24,18,2,37253 Marcy Junction,81-(961)215-4006,2015-11-15 04:13:49
54,21,60,58,2774 Ridge Oak Hill,58-(982)374-0958,2015-05-19 18:54:02
55,9,35,73,31 Sauthoff Lane,57-(852)245-6753,2015-07-20 21:05:23
56,48,99,21,5610 Hudson Circle,86-(365)720-9850,2015-05-05 23:31:38
57,23,10,25,11 Ramsey Pass,66-(313)838-6016,2016-01-10 15:55:27
58,17,19,16,05377 Clarendon Center,33-(555)908-6230,2015-06-24 00:16:38
59,38,54,2,0202 Southridge Crossing,237-(486)845-4287,2015-06-18 14:20:28
60,28,66,14,127 Clove Park,55-(245)527-9007,2015-06-28 18:30:21
61,11,33,71,48267 Karstens Terrace,86-(446)864-8562,2015-08-26 16:07:17
62,28,67,48,92 Sachs Alley,86-(973)202-3489,2015-06-12 16:06:22
63,13,50,69,3 Blackbird Drive,84-(965)354-8881,2015-05-29 16:40:05
64,12,8,38,9 Springs Park,82-(103)711-0058,2015-04-11 11:50:18
65,49,63,44,63 Transport Plaza,51-(935)759-6712,2015-07-17 02:18:15
66,8,57,70,1125 Di Loreto Crossing,386-(275)892-3136,2015-04-15 19:13:50
67,3,68,20,24 Straubel Alley,86-(542)989-9508,2015-08-12 19:25:46
68,25,6,53,18 Division Way,46-(769)166-3457,2015-11-12 13:35:43
69,1,44,46,791 Birchwood Circle,81-(799)937-5601,2015-04-03 23:04:11
70,10,15,43,068 Dexter Place,86-(121)240-1142,2015-07-03 22:29:58
71,23,86,63,0 Erie Parkway,1-(561)872-7236,2015-04-10 19:39:43
72,30,93,74,76 Reinke Plaza,84-(251)745-5839,2015-09-30 12:34:29
73,9,10,72,8181 Nelson Alley,54-(729)636-9035,2016-02-28 16:39:16
74,34,38,12,2307 Straubel Point,380-(740)782-5268,2016-01-01 00:05:56
75,31,29,82,50 Judy Crossing,86-(736)867-0949,2015-05-23 18:09:01
76,38,66,20,95616 Summerview Road,383-(427)294-0987,2015-11-15 11:46:03
77,38,25,95,544 Warrior Point,62-(143)514-4158,2016-03-03 09:41:15
78,43,29,94,34053 Fuller Lane,33-(681)284-6395,2015-08-21 10:19:58
79,47,66,42,3 Macpherson Center,7-(637)586-9427,2015-06-11 07:52:48
80,46,6,27,9929 American Ash Road,46-(775)745-0974,2015-09-04 13:56:27
81,24,10,9,3884 Maryland Place,34-(111)785-1984,2016-03-14 04:44:25
82,46,90,11,1 Gina Center,66-(830)290-8316,2015-05-17 22:54:30
83,1,49,81,649 Buell Lane,62-(947)919-4815,2015-12-18 23:34:06
84,31,85,42,945 Westend Court,63-(488)376-9333,2015-11-03 02:43:37
85,27,3,4,4 Arkansas Alley,86-(978)350-8491,2016-01-29 21:20:38
86,19,61,92,7051 Swallow Park,62-(215)882-6737,2015-12-10 14:00:09
87,18,86,82,79 Golden Leaf Alley,33-(333)842-5142,2015-10-25 08:10:29
88,9,93,83,09 Sherman Lane,223-(937)465-5346,2015-04-29 18:17:46
89,42,11,48,05 Michigan Lane,62-(518)362-9231,2015-08-14 10:10:17
90,32,18,42,8 Helena Drive,86-(100)831-7040,2015-10-09 08:34:41
91,9,28,5,475 Jenifer Hill,63-(599)100-9143,2016-02-10 08:40:08
92,50,2,77,542 Blue Bill Park Place,63-(412)967-9422,2015-06-01 02:28:09
93,8,45,43,66911 Independence Court,389-(472)458-0825,2016-03-12 00:16:44
94,18,39,95,2 Rusk Lane,86-(754)451-7695,2015-06-22 22:32:59
95,9,12,62,008 Linden Drive,380-(720)315-8265,2015-06-10 12:03:20
96,44,54,10,85 Toban Center,1-(407)345-2427,2015-12-06 17:40:41
97,14,46,29,421 American Park,81-(588)307-5427,2016-01-11 08:30:03
98,49,82,3,39 Fair Oaks Lane,54-(163)259-4802,2016-03-18 18:31:40
99,15,100,82,575 Bowman Place,33-(579)558-7819,2015-09-05 06:58:25
100,14,51,48,3549 Twin Pines Place,7-(119)247-9500,2015-09-27 17:41:53
101,13,69,45,78844 Montana Road,48-(871)725-6198,2015-09-23 23:05:43
102,16,8,46,1 Gulseth Drive,86-(485)925-2745,2016-03-21 05:36:32
103,3,96,94,9 Lawn Drive,86-(481)215-0846,2015-07-28 07:43:32
104,27,46,53,0353 Magdeline Junction,880-(887)450-6452,2016-01-27 09:24:19
105,15,80,2,3 Forest Road,1-(142)429-2045,2015-12-23 20:21:20
106,47,24,22,58 Vidon Parkway,970-(393)995-5777,2016-01-27 21:08:00
107,18,9,42,524 Caliangt Pass,33-(218)246-7771,2015-08-20 20:43:45
108,1,75,44,512 Ohio Pass,420-(843)830-0971,2015-06-26 16:27:08
109,24,57,88,8 Lawn Center,351-(873)152-8489,2015-09-05 10:20:26
110,42,33,9,559 Mccormick Road,66-(115)839-1168,2015-11-07 13:33:44
111,39,87,54,1257 Kingsford Crossing,58-(783)795-4065,2015-04-30 08:57:47
112,39,51,36,354 Bunker Hill Hill,264-(449)252-1920,2015-08-21 00:28:28
113,36,23,21,59 Kings Way,66-(535)518-8383,2015-07-02 12:06:15
114,26,59,89,3492 Pine View Way,1-(158)555-9021,2015-04-22 13:12:00
115,28,87,96,80 Sheridan Park,46-(181)741-0344,2016-03-19 18:08:06
116,19,56,39,251 Tomscot Circle,1-(951)387-3493,2016-02-26 21:48:27
117,33,7,23,9463 Forest Run Hill,381-(908)660-9342,2015-10-18 05:30:39
118,1,12,30,706 Pankratz Center,7-(127)199-6221,2016-02-01 05:29:50
119,42,72,27,2004 Carpenter Street,54-(891)127-7734,2015-04-02 15:35:39
120,16,12,2,66 Moose Way,64-(259)293-2873,2015-04-28 09:55:00
121,38,43,10,72571 Onsgard Way,86-(335)493-8810,2016-02-02 12:52:19
122,34,60,56,215 Trailsway Point,62-(192)251-2825,2015-04-29 13:05:42
123,38,33,49,20 Comanche Circle,62-(294)427-4733,2015-11-10 04:46:04
124,27,20,46,9 Weeping Birch Pass,62-(139)802-6104,2016-02-02 09:55:19
125,47,45,3,1527 Coleman Junction,86-(365)305-3312,2015-11-07 23:50:16
126,8,77,95,6584 Merchant Trail,86-(927)416-5232,2015-11-09 09:58:38
127,23,5,97,59 Blackbird Hill,381-(560)380-4970,2015-11-04 04:39:09
128,15,91,54,15486 Bunker Hill Place,63-(251)313-0989,2015-09-17 14:03:56
129,39,7,5,2141 Memorial Crossing,1-(281)533-4629,2015-07-01 04:49:06
130,20,53,81,0 Bartillon Hill,86-(536)692-7883,2015-08-15 15:11:34
131,33,63,35,37 Reinke Road,55-(376)851-8847,2016-01-28 00:30:57
132,23,33,59,71 David Street,63-(841)220-3880,2015-07-28 04:10:36
133,41,20,76,21450 Larry Lane,351-(755)456-7102,2015-11-17 05:06:43
134,41,54,40,065 Jenifer Way,992-(847)314-2187,2015-05-28 05:13:54
135,3,2,94,99093 Dorton Road,39-(823)211-0682,2015-04-03 15:09:27
136,46,7,83,11 Burning Wood Avenue,355-(278)222-2247,2015-05-05 22:10:09
137,5,65,94,0 7th Road,353-(913)688-9666,2015-08-14 07:42:29
138,10,3,2,83 Bay Parkway,372-(749)374-6279,2015-11-03 20:00:58
139,4,74,83,33209 Pepper Wood Point,255-(989)970-6188,2016-02-07 00:16:13
140,14,81,23,5324 Orin Avenue,84-(315)384-5021,2015-04-11 04:31:17
141,49,12,22,1373 Mockingbird Trail,976-(599)555-6058,2016-03-21 17:04:32
142,2,44,46,0129 Stoughton Trail,62-(439)609-1059,2016-01-20 16:31:15
143,48,8,38,9 Canary Crossing,48-(420)876-4050,2015-06-10 14:47:30
144,37,51,53,4 International Center,86-(333)706-2688,2016-02-01 17:52:08
145,36,2,54,1 Rigney Pass,506-(515)152-4040,2015-04-09 15:57:34
146,29,62,84,5527 Nova Avenue,94-(192)920-0387,2016-03-15 09:38:39
147,15,87,85,2 Union Street,62-(719)117-7459,2015-10-13 05:59:04
148,8,69,68,55 Monument Hill,46-(933)384-1847,2015-04-16 05:38:07
149,37,62,62,2 Shoshone Parkway,86-(601)100-4782,2015-08-18 14:47:29
150,47,31,63,305 Main Junction,58-(576)900-6620,2016-02-05 04:34:33
151,26,19,70,0078 Saint Paul Hill,51-(473)863-7915,2016-03-26 06:00:42
152,23,83,32,0223 Randy Drive,51-(153)410-0219,2015-05-26 06:53:43
153,17,78,83,9466 Hooker Lane,33-(352)725-2524,2015-07-08 02:00:12
154,42,70,86,04977 Algoma Street,54-(449)608-2012,2016-02-25 03:50:13
155,34,29,94,9 Mcguire Lane,86-(455)139-0897,2015-08-17 16:19:47
156,38,96,81,880 Commercial Center,27-(362)472-2932,2016-01-27 08:01:57
157,18,91,68,2262 Oak Valley Road,62-(255)335-6118,2015-10-28 00:20:45
158,19,40,100,05 Goodland Court,86-(222)420-6578,2015-07-19 22:04:24
159,33,48,75,72545 Glacier Hill Court,977-(112)642-3685,2015-11-04 08:25:19
160,29,37,23,1 Sauthoff Crossing,62-(146)319-8719,2015-08-28 18:01:17
161,16,45,39,8 7th Trail,86-(529)432-5370,2016-01-25 04:19:14
162,5,69,92,679 Green Ridge Circle,86-(174)151-5072,2016-02-24 01:23:53
163,13,50,10,4835 Carey Terrace,48-(428)708-1105,2016-03-16 20:12:40
164,38,98,24,15 Westridge Park,60-(282)506-1830,2015-09-20 10:37:29
165,38,18,66,2251 Marquette Park,62-(281)494-2468,2015-09-06 07:24:22
166,8,55,14,27264 Dorton Hill,256-(763)829-6396,2015-08-24 02:48:54
167,34,33,42,6630 Nevada Plaza,48-(169)965-1484,2015-10-20 22:49:57
168,7,97,63,5924 Melvin Road,81-(754)549-5618,2015-10-04 03:55:18
169,27,74,39,28837 Scott Alley,62-(458)372-5553,2015-11-04 18:43:48
170,48,88,70,75519 Westerfield Road,992-(139)413-7830,2015-12-23 08:36:39
171,48,6,46,84440 Aberg Junction,86-(969)624-4635,2015-06-11 05:28:55
172,15,98,88,1 Sycamore Avenue,46-(836)215-9159,2015-11-17 05:53:12
173,1,89,4,08606 8th Point,44-(785)844-6012,2016-02-11 11:01:48
174,26,47,83,1428 Duke Way,63-(963)407-8999,2015-09-17 16:07:35
175,25,37,21,614 Farwell Street,970-(446)623-9937,2015-11-07 12:37:51
176,33,16,33,938 Mayfield Court,62-(968)195-3241,2015-06-07 04:21:49
177,23,40,83,0281 Lakeland Crossing,86-(405)893-6199,2015-06-25 14:54:23
178,37,29,55,5 Dapin Parkway,56-(390)973-0564,2015-10-04 03:56:56
179,32,18,91,9 Vahlen Junction,86-(949)353-4884,2016-03-10 09:03:45
180,41,43,85,4 Jenna Road,30-(872)326-1415,2015-09-24 15:01:23
181,7,94,85,72 Waxwing Court,380-(183)627-1531,2015-09-07 12:20:23
182,6,47,67,3 Mallard Parkway,63-(986)926-3816,2015-05-06 06:03:08
183,6,56,18,68451 Debs Crossing,964-(759)800-9088,2015-05-02 18:06:03
184,46,97,13,6940 Fordem Street,505-(592)816-4707,2015-04-06 17:03:02
185,50,82,75,987 Glacier Hill Street,55-(472)445-8583,2015-07-03 01:45:05
186,44,20,64,3 Claremont Pass,1-(410)448-2396,2015-08-20 21:59:49
187,29,24,51,41326 Anniversary Way,7-(249)805-9336,2015-04-18 10:07:04
188,44,92,46,132 Kennedy Center,380-(796)258-8600,2015-04-08 05:05:24
189,17,5,56,940 Fieldstone Pass,86-(685)129-8010,2016-01-08 19:09:20
190,1,64,35,8 Lukken Road,7-(866)829-1980,2015-11-16 17:06:41
191,42,41,21,88 Corry Trail,51-(167)721-5200,2016-03-14 00:15:36
192,48,84,23,36649 Jenna Crossing,86-(684)910-5141,2015-06-17 10:13:38
193,42,31,39,9114 Hauk Plaza,86-(289)817-1157,2015-11-25 16:55:04
194,11,13,11,8274 Stuart Drive,86-(869)403-0484,2015-07-31 02:26:43
195,21,52,87,18303 Lunder Crossing,33-(883)984-4523,2015-07-24 16:20:10
196,32,65,83,19945 Moose Center,86-(829)431-7829,2016-03-06 14:10:47
197,17,32,5,810 Luster Alley,351-(370)748-0309,2015-04-29 17:23:05
198,22,55,95,54 Westridge Court,31-(150)269-0066,2015-11-26 14:44:32
199,15,91,46,29100 Sunfield Trail,57-(186)962-4261,2016-03-18 17:23:07
200,46,43,100,57 Hazelcrest Trail,503-(625)973-2448,2015-07-03 06:25:44
201,45,20,84,7148 Helena Park,7-(127)665-6271,2016-01-25 11:45:12
202,28,92,51,9 Hauk Point,62-(337)862-1415,2015-12-15 17:26:20
203,8,99,30,57516 Jenna Road,221-(238)735-4491,2016-02-29 00:32:47
204,28,28,45,96 Sugar Center,86-(532)917-9481,2015-07-16 20:49:27
205,19,24,52,0 Pierstorff Place,7-(118)435-5805,2016-02-29 09:21:33
206,3,46,32,16547 Monterey Junction,62-(894)892-9430,2015-11-27 16:56:50
207,26,73,6,779 Green Hill,27-(184)190-0774,2016-01-11 14:38:17
208,11,11,94,7 Di Loreto Parkway,57-(784)419-4642,2015-10-09 09:31:34
209,32,18,42,30 Colorado Hill,33-(708)696-8577,2016-02-16 06:22:42
210,26,8,61,25 Darwin Pass,86-(371)938-6007,2016-02-29 00:40:38
211,34,48,5,0146 Ohio Lane,1-(299)511-7840,2016-01-24 12:23:50
212,34,66,35,846 Onsgard Crossing,86-(591)364-6029,2016-02-05 07:53:50
213,6,32,27,534 Stoughton Parkway,502-(195)691-5756,2016-03-09 07:07:01
214,29,46,63,997 Muir Circle,81-(884)998-2577,2015-11-06 20:27:07
215,13,84,85,93 Prairieview Parkway,86-(831)245-2317,2015-04-19 10:04:29
216,41,9,29,440 Ryan Pass,49-(908)595-0723,2016-03-05 12:23:11
217,21,64,81,0621 Maryland Junction,63-(924)712-7282,2015-12-01 13:55:09
218,18,41,60,92009 Shoshone Road,86-(231)412-3144,2015-04-24 04:32:52
219,36,21,62,1 Kropf Lane,351-(246)519-3023,2016-01-12 03:15:30
220,41,12,81,09296 Porter Road,506-(193)986-7603,2015-07-30 14:31:38
221,34,25,57,8 Melrose Road,62-(579)907-5564,2015-11-19 06:22:08
222,48,53,23,2 Sheridan Trail,387-(152)874-5661,2015-10-31 15:41:45
223,48,23,26,72 Larry Street,64-(121)411-3236,2015-10-30 05:06:23
224,5,29,18,24 Pleasure Park,62-(613)963-3275,2015-07-15 00:05:25
225,49,60,49,2 Kenwood Trail,86-(287)504-2998,2015-11-23 03:50:35
226,5,87,70,5 Derek Place,351-(774)840-1887,2015-12-16 22:39:58
227,41,41,55,158 Jana Pass,54-(605)502-0342,2015-07-18 05:16:33
228,30,22,52,5 Grayhawk Park,81-(970)367-8678,2015-05-18 05:06:44
229,15,91,28,57 South Place,66-(144)237-1438,2015-09-12 02:02:56
230,1,17,89,83 Oak Circle,420-(392)951-7113,2015-08-12 20:50:51
231,26,78,94,6316 Sage Hill,86-(286)954-9824,2015-06-26 07:07:50
232,42,3,14,918 Union Center,62-(328)407-5440,2016-01-07 01:26:22
233,36,52,52,432 Dovetail Terrace,380-(757)105-2389,2015-12-29 04:51:13
234,23,10,43,3547 Ramsey Lane,30-(656)403-3451,2015-07-19 00:41:02
235,12,61,72,72 Merchant Alley,7-(814)223-0055,2015-08-07 01:31:44
236,22,9,98,7 Butterfield Pass,216-(970)241-4786,2015-08-28 08:55:17
237,49,3,81,68930 8th Avenue,55-(444)240-0851,2015-04-05 18:41:09
238,18,44,13,2863 Farmco Plaza,351-(501)588-6375,2015-12-27 16:44:44
239,22,97,30,03839 Myrtle Parkway,63-(909)820-9988,2015-06-10 12:29:26
240,38,31,61,34 Thackeray Place,82-(905)462-0952,2016-03-26 17:51:13
241,28,62,25,3487 Kings Plaza,234-(246)890-3251,2015-08-11 16:00:42
242,45,88,91,577 Service Point,86-(895)212-1612,2015-09-05 21:42:18
243,26,73,41,514 Scott Hill,504-(604)762-8972,2015-06-19 09:07:08
244,26,51,69,54 Elgar Avenue,81-(489)233-8101,2015-11-12 06:08:09
245,1,75,12,9857 Jenifer Point,51-(659)191-7597,2015-08-12 16:14:33
246,37,62,91,57137 Melody Road,33-(782)857-1206,2015-08-31 14:05:09
247,3,79,90,87752 Tennessee Crossing,86-(450)365-0477,2016-03-23 16:41:36
248,49,100,16,66629 Bluejay Street,62-(801)519-8549,2015-11-03 06:57:30
249,35,10,30,75845 Corscot Crossing,383-(934)595-6980,2015-11-11 00:27:19
250,23,15,66,5 Pond Plaza,972-(988)491-5959,2015-10-09 21:45:21
251,13,92,33,0 Shasta Plaza,66-(470)805-5443,2015-11-20 16:23:26
252,48,22,91,32 Morrow Lane,66-(900)710-7755,2015-05-04 22:17:31
253,36,72,13,3525 Kenwood Lane,370-(840)539-1837,2015-06-17 21:34:31
254,10,48,93,323 Sheridan Court,63-(353)274-3140,2015-04-24 08:44:56
255,18,70,39,4 Northridge Center,81-(588)198-4231,2015-09-09 21:17:58
256,12,30,82,1 Morning Hill,33-(243)552-1670,2016-03-06 22:32:29
257,2,17,100,4905 Sage Terrace,970-(803)385-4082,2016-01-24 01:14:31
258,3,100,42,18648 Menomonie Avenue,86-(880)688-4136,2015-12-07 15:23:14
259,48,77,49,3 Maple Parkway,62-(665)342-6125,2015-04-11 01:50:45
260,42,46,80,7688 Manufacturers Way,86-(508)153-2966,2015-04-07 08:39:20
261,32,21,3,105 Leroy Parkway,66-(878)536-9009,2015-06-12 23:19:46
262,23,48,55,3 Truax Junction,381-(946)130-5257,2016-01-23 17:58:15
263,31,58,62,94 Waubesa Road,55-(518)407-0583,2015-05-29 05:57:52
264,28,33,38,28 Cherokee Plaza,39-(645)541-1590,2016-03-09 19:43:02
265,11,39,10,32 Evergreen Road,62-(745)992-0895,2015-10-30 08:30:09
266,9,25,25,9107 Oak Pass,86-(592)566-6430,2016-03-14 04:17:20
267,17,37,6,74143 Crownhardt Plaza,420-(553)712-1042,2015-07-04 02:19:11
268,16,30,11,7 Mcbride Point,86-(738)948-6950,2016-02-29 14:55:44
269,4,1,59,7 Lukken Circle,381-(551)123-4255,2016-01-21 05:49:39
270,42,58,66,3 Merrick Center,48-(396)142-2076,2015-09-19 22:47:19
271,34,91,66,99 Northport Plaza,92-(474)907-8548,2015-09-19 18:07:00
272,6,99,31,60 Buell Parkway,595-(785)842-1617,2015-08-06 19:42:19
273,24,99,99,08011 Dottie Plaza,54-(499)487-7342,2016-01-31 05:20:48
274,29,58,48,17 Bluestem Point,385-(251)205-2510,2016-03-12 09:59:10
275,34,16,13,50429 Ridge Oak Street,7-(124)628-0301,2016-02-15 17:12:59
276,14,11,89,07 Colorado Parkway,46-(890)207-4716,2016-01-24 09:37:17
277,17,4,48,51031 La Follette Hill,54-(761)516-0934,2015-04-29 10:11:30
278,14,49,85,28780 Westerfield Court,63-(458)489-7872,2015-11-29 11:29:29
279,11,63,15,1 Stephen Center,62-(180)192-5131,2015-04-22 18:51:58
280,47,78,66,06 Cascade Trail,86-(817)419-0784,2016-02-20 20:06:16
281,48,26,95,8988 Hauk Center,86-(673)190-4083,2015-10-13 22:51:37
282,9,19,13,9615 Harper Terrace,351-(317)276-2176,2015-07-13 06:34:55
283,50,90,54,3 Green Trail,66-(470)673-6095,2015-12-19 03:31:40
284,25,56,75,036 Truax Junction,86-(831)181-8295,2016-03-02 12:51:21
285,44,100,43,2 Monica Crossing,86-(164)982-8782,2015-08-18 12:06:16
286,31,45,47,60951 Morrow Road,49-(386)545-4767,2015-06-24 07:47:34
287,13,54,27,42 Stone Corner Hill,976-(529)419-4717,2015-05-10 14:06:44
288,36,69,24,05 Maple Drive,52-(350)391-1582,2015-10-22 22:22:14
289,13,30,72,2716 Thompson Point,86-(873)258-8859,2015-12-18 00:47:37
290,9,3,58,679 Hanson Junction,7-(138)950-7298,2015-11-05 17:53:14
291,14,34,55,95 Bartelt Park,66-(310)822-4335,2015-04-14 12:20:43
292,12,83,15,07 Bonner Trail,86-(853)249-6020,2016-03-10 02:41:51
293,3,90,66,9141 Manitowish Pass,98-(213)546-7865,2015-07-31 06:43:35
294,3,16,77,27086 Randy Crossing,86-(499)836-9262,2016-01-09 11:36:43
295,43,44,30,5 Cody Pass,63-(517)955-4782,2015-05-04 08:50:20
296,22,79,50,3 Corscot Avenue,998-(650)183-0827,2015-12-28 15:12:23
297,36,80,39,97 Montana Road,62-(602)546-9535,2015-09-15 09:55:16
298,41,20,70,84547 Holmberg Park,7-(752)568-4188,2015-05-26 07:20:58
299,1,67,80,7026 Barby Parkway,86-(341)360-6453,2015-05-13 23:02:26
300,36,73,40,4 Prairie Rose Point,63-(639)688-4685,2015-07-23 10:31:27
301,20,51,34,0201 Pine View Alley,66-(897)557-2111,2016-03-05 19:23:57
302,16,5,35,48034 Vidon Point,86-(550)137-6328,2015-04-12 08:26:29
303,14,7,33,9 Moland Junction,380-(792)206-4498,2015-08-29 03:24:59
304,46,77,39,6242 Del Sol Lane,86-(729)855-1906,2016-02-26 11:44:22
305,25,52,8,033 Orin Crossing,84-(899)671-1652,2015-06-21 19:14:59
306,29,51,20,65 Westend Junction,351-(360)544-9444,2015-06-06 03:23:04
307,8,9,64,34360 Division Lane,7-(318)165-8807,2015-07-25 01:54:16
308,30,88,1,458 Saint Paul Plaza,62-(141)870-0363,2015-12-22 00:47:34
309,10,1,17,4862 Laurel Street,86-(203)134-2804,2015-07-31 05:20:42
310,11,66,16,007 Ludington Parkway,39-(448)845-2444,2016-02-15 16:19:16
311,27,95,35,56060 Killdeer Point,46-(425)163-9398,2015-09-21 04:04:52
312,20,38,75,3734 Lerdahl Avenue,62-(698)311-4273,2016-01-18 12:12:46
313,17,99,27,9 Westerfield Junction,86-(356)342-1225,2015-08-14 01:41:06
314,43,36,18,03 South Place,86-(297)322-9642,2015-11-14 18:00:23
315,14,3,52,8 Pine View Plaza,1-(203)529-0737,2015-07-18 03:01:27
316,16,78,84,7 Jana Way,850-(948)296-5294,2016-02-14 19:42:47
317,24,1,93,121 Blue Bill Park Lane,7-(372)769-0821,2016-01-12 23:40:33
318,3,72,43,39758 Darwin Circle,46-(960)642-6412,2015-09-23 16:41:42
319,18,100,16,2 Northridge Court,381-(250)576-3438,2015-09-28 01:25:28
320,15,44,9,5663 Sheridan Way,1-(345)531-9296,2015-09-28 13:19:58
321,45,90,12,329 Heffernan Drive,62-(813)935-9825,2016-03-01 12:30:26
322,3,65,67,069 Graedel Pass,236-(786)804-7740,2016-03-17 11:44:36
323,44,19,79,107 Graceland Center,86-(585)234-0774,2016-01-30 05:41:32
324,48,73,70,8 Brickson Park Court,34-(765)997-5636,2016-03-09 23:38:18
325,4,97,19,4 Fulton Pass,242-(175)519-7234,2015-12-06 23:13:11
326,8,75,13,9 Pond Plaza,33-(291)896-2381,2016-02-21 21:33:03
327,14,19,71,5498 Moose Circle,1-(216)821-2514,2015-10-10 07:46:45
328,37,23,70,5 Stang Junction,55-(387)322-0636,2015-12-05 10:46:35
329,14,89,69,53 Londonderry Alley,62-(528)835-3917,2015-07-06 22:45:06
330,29,13,75,0870 North Point,375-(283)978-4711,2015-04-21 17:45:21
331,17,89,40,06 Burrows Hill,504-(591)704-0573,2015-09-10 20:59:11
332,7,19,60,6568 Green Ridge Drive,62-(936)351-1359,2016-01-08 13:10:11
333,47,68,91,71 Northview Road,386-(282)449-6247,2015-07-13 03:54:01
334,27,8,18,7 Montana Place,81-(493)388-6688,2016-02-16 05:00:53
335,10,40,65,47769 Grim Road,964-(179)354-0322,2015-04-11 10:01:01
336,9,78,47,333 Carey Place,374-(933)946-3178,2015-08-24 16:58:24
337,49,89,30,837 Springs Circle,968-(854)729-7646,2015-07-17 20:07:09
338,34,67,95,330 Schiller Trail,1-(803)610-9618,2015-08-09 16:17:09
339,41,52,79,4 Lien Court,86-(354)473-2924,2016-01-06 09:18:14
340,30,35,10,04512 Susan Lane,49-(921)456-6590,2016-02-19 17:19:43
341,18,40,97,2 Crescent Oaks Avenue,46-(268)954-2999,2016-01-06 18:36:20
342,6,27,9,68796 Brickson Park Pass,84-(775)184-1694,2015-05-21 03:31:54
343,16,91,43,19 Dwight Circle,93-(427)233-6230,2015-06-23 15:50:35
344,42,75,6,8 Pond Alley,33-(804)340-5478,2015-06-09 10:03:15
345,38,89,68,0 Lukken Terrace,94-(308)188-7212,2016-02-20 00:41:25
346,16,87,35,63 Esch Way,7-(193)228-6048,2015-08-28 10:18:40
347,49,75,32,49033 Susan Crossing,86-(726)388-9768,2016-01-11 04:04:16
348,31,22,32,344 Hooker Lane,381-(715)122-5420,2015-07-25 22:10:36
349,50,53,23,51 Bartillon Drive,52-(975)873-9030,2015-06-18 12:58:57
350,19,52,66,60214 Bluestem Terrace,86-(535)251-8482,2015-10-30 11:39:09
351,8,89,48,89019 South Junction,420-(935)267-1819,2015-05-17 01:16:46
352,2,36,84,697 Melody Street,856-(924)658-1868,2015-04-16 18:30:02
353,41,25,54,4878 Farragut Avenue,62-(301)523-9397,2015-06-13 13:49:43
354,8,90,4,3002 Nobel Park,242-(337)509-4524,2015-05-26 17:57:35
355,33,92,58,56 Cordelia Crossing,33-(723)104-3603,2015-04-03 06:49:17
356,10,43,46,882 High Crossing Drive,62-(614)828-6487,2015-08-29 05:22:12
357,17,45,60,56 Roxbury Drive,234-(872)371-6609,2016-01-24 08:09:22
358,50,63,82,845 Laurel Lane,63-(385)280-2923,2015-12-21 22:35:48
359,42,36,38,8 Annamark Road,62-(400)905-2404,2015-08-10 19:31:43
360,1,28,4,225 Bobwhite Junction,86-(196)632-6476,2015-07-30 09:49:56
361,14,87,39,11603 Knutson Pass,420-(314)133-3178,2016-03-18 09:05:18
362,13,58,46,936 Sauthoff Pass,7-(263)895-9520,2015-08-28 03:02:11
363,33,60,29,601 Maple Wood Avenue,46-(648)644-9776,2016-03-14 11:35:22
364,5,41,80,4 Dawn Junction,47-(887)519-0736,2015-09-21 19:32:09
365,1,22,41,272 Jenna Terrace,54-(828)988-7791,2015-06-27 22:51:36
366,44,74,57,6 Fair Oaks Plaza,55-(415)896-5996,2016-01-09 01:42:38
367,42,3,19,0 Anderson Place,55-(777)619-9046,2015-09-04 16:07:06
368,44,8,38,7527 Autumn Leaf Hill,7-(768)731-7230,2015-06-29 14:15:22
369,46,24,50,741 Di Loreto Junction,54-(350)940-4294,2016-02-20 00:38:27
370,22,38,28,11 Orin Trail,45-(333)460-5060,2015-04-27 23:18:29
371,38,74,99,3 Prairieview Crossing,86-(509)899-4564,2015-05-17 05:12:25
372,45,41,3,77028 Iowa Plaza,86-(258)391-0361,2015-08-09 13:12:37
373,29,28,45,774 Anniversary Pass,7-(612)937-5339,2015-10-10 17:05:05
374,39,87,51,996 Buhler Road,51-(855)598-1643,2016-01-15 19:06:09
375,2,7,60,96856 Schurz Alley,375-(124)939-2750,2015-04-14 03:17:54
376,40,32,37,83 Tennessee Center,30-(573)170-1879,2015-09-04 13:58:04
377,44,40,52,36684 Harper Circle,54-(562)200-9693,2015-06-25 05:56:19
378,41,24,78,923 Algoma Road,86-(157)420-0949,2015-12-14 04:16:54
379,20,72,3,0 Bluestem Parkway,63-(391)698-4313,2016-02-05 03:58:16
380,50,81,51,06170 Delladonna Court,63-(680)389-6187,2016-03-19 12:02:29
381,20,32,52,07216 Mariners Cove Street,63-(145)996-7016,2015-09-13 01:26:24
382,33,29,14,0197 Brentwood Park,593-(796)452-0643,2015-08-10 06:47:39
383,21,74,90,886 Warner Plaza,62-(535)311-7742,2016-02-19 20:50:25
384,5,1,64,8498 Butternut Lane,63-(919)148-2773,2015-09-01 14:39:05
385,49,57,22,7 Daystar Park,62-(740)821-4586,2015-06-26 00:50:45
386,41,47,8,4 West Way,380-(888)111-2377,2015-05-21 23:30:40
387,11,94,54,4 Coleman Circle,33-(942)195-8310,2015-09-25 10:15:43
388,32,12,60,9519 Veith Alley,351-(889)779-0660,2015-11-03 22:36:23
389,2,42,51,7501 5th Point,86-(959)633-1472,2015-05-17 18:11:07
390,21,61,8,3319 Elmside Lane,63-(785)588-0653,2015-10-03 08:53:28
391,17,38,43,777 Eggendart Crossing,86-(327)817-5088,2016-03-02 15:23:45
392,46,3,11,81 Ilene Drive,81-(189)316-0179,2016-01-01 04:47:32
393,45,3,98,1 Canary Road,33-(127)545-6865,2016-02-01 13:36:49
394,33,1,88,8 Golf View Plaza,216-(292)279-6743,2015-10-20 10:00:53
395,22,93,21,2 Charing Cross Plaza,86-(892)379-3880,2015-08-24 11:15:41
396,44,16,13,1 Veith Circle,55-(696)412-3687,2016-03-07 05:15:56
397,29,97,49,42 Lien Way,355-(660)887-2533,2015-04-12 21:39:42
398,37,14,87,28896 Bultman Park,66-(558)830-3234,2015-10-08 19:10:35
399,25,24,89,4003 Hallows Parkway,62-(164)805-5756,2015-12-25 01:27:54
400,43,54,86,72637 Fairview Terrace,84-(870)548-1703,2015-10-29 07:16:37
401,7,1,70,674 Pierstorff Circle,55-(200)950-2173,2015-06-18 06:56:33
402,6,66,34,9180 Gateway Terrace,82-(345)472-7286,2016-02-25 09:44:23
403,10,28,8,8904 Fairview Center,86-(918)412-2770,2016-02-28 11:41:38
404,22,57,22,1 Mitchell Parkway,230-(671)113-4551,2015-06-28 20:03:11
405,13,83,15,5073 Sugar Center,1-(314)280-1834,2015-10-10 05:54:39
406,13,99,13,1058 High Crossing Center,54-(198)526-3632,2015-09-09 10:53:32
407,47,25,17,2 Holmberg Center,55-(316)228-3927,2015-07-21 19:30:31
408,13,74,99,28301 Schlimgen Avenue,380-(297)554-0083,2015-07-09 21:19:40
409,23,39,57,58077 Farmco Crossing,505-(847)333-7895,2016-03-13 06:40:19
410,41,96,41,33 Esch Street,1-(214)911-6289,2015-10-06 10:57:30
411,31,10,98,01 Independence Place,33-(571)661-5478,2015-12-14 21:00:48
412,5,40,62,768 Golf Course Circle,63-(174)637-9786,2015-06-09 20:14:44
413,14,17,57,650 Commercial Hill,502-(791)236-1560,2016-01-01 23:48:23
414,46,17,79,6 Northland Road,385-(242)312-9786,2015-08-31 03:17:51
415,4,62,51,2 Kenwood Terrace,86-(907)332-3155,2015-08-20 19:21:51
416,6,10,26,72162 Lindbergh Plaza,63-(776)420-3325,2016-02-23 20:14:24
417,26,8,25,98 Sherman Junction,972-(610)717-2464,2015-06-02 06:26:19
418,6,58,99,7 3rd Plaza,81-(981)438-2419,2015-06-17 21:19:43
419,10,93,62,9269 Old Shore Crossing,51-(660)606-8959,2015-07-27 07:21:12
420,19,65,46,4 Shopko Center,51-(497)468-7164,2015-09-02 20:25:45
421,49,44,47,699 Nova Road,351-(177)912-8762,2016-01-24 11:19:34
422,3,1,11,80647 Birchwood Road,30-(311)145-8216,2016-02-10 02:05:36
423,48,62,67,49 Graceland Center,30-(571)550-9927,2015-05-16 14:47:10
424,30,86,81,78 Springview Drive,30-(322)266-5648,2015-12-28 19:02:12
425,27,61,75,18 Park Meadow Point,351-(984)418-3202,2016-02-25 05:42:24
426,43,80,62,92 Division Plaza,62-(371)746-5312,2016-03-28 09:52:35
427,30,22,46,44 Boyd Trail,98-(749)405-8034,2015-09-01 10:54:19
428,22,75,10,378 Elgar Place,387-(858)368-4310,2015-05-05 17:20:41
429,13,26,99,8 Mariners Cove Park,63-(615)738-7948,2016-01-10 03:37:27
430,4,26,76,6 Gerald Place,86-(105)533-4451,2015-07-04 19:13:09
431,32,64,68,18 Elmside Road,98-(307)399-7912,2015-11-25 09:05:34
432,47,79,70,32 Blue Bill Park Court,86-(572)349-4049,2015-10-08 09:27:03
433,30,61,46,4 Mockingbird Circle,63-(292)401-1454,2015-08-17 12:40:54
434,29,96,82,701 Hoffman Hill,374-(483)335-4447,2015-12-15 22:55:28
435,29,28,80,8 Golden Leaf Pass,48-(900)754-3077,2015-04-01 18:39:11
436,27,43,69,8 Bultman Plaza,62-(410)905-1956,2015-11-29 11:02:41
437,34,68,85,748 Kenwood Junction,52-(869)713-0307,2016-01-05 13:09:33
438,45,25,100,80 Continental Pass,387-(619)383-8991,2015-11-08 02:40:20
439,25,96,67,88 Roxbury Court,1-(587)919-7649,2015-11-02 02:02:44
440,20,90,82,965 Oriole Way,86-(189)550-2475,2015-09-24 13:54:26
441,43,53,11,72572 Butterfield Street,251-(384)704-7058,2015-10-12 14:32:19
442,50,53,82,0 Mccormick Way,51-(873)258-3729,2016-02-18 13:47:48
443,36,67,95,3 Straubel Place,86-(428)583-2235,2015-07-18 04:42:48
444,38,28,7,93 Harper Street,7-(616)763-9133,2015-05-10 14:43:46
445,48,31,10,33568 Dawn Crossing,1-(200)176-2653,2015-10-11 20:58:43
446,36,47,34,59539 Toban Road,63-(685)534-1722,2015-04-14 22:13:44
447,7,33,81,12 Blue Bill Park Place,234-(852)975-0057,2015-12-06 22:02:47
448,35,12,20,7126 Surrey Street,86-(348)215-7115,2016-02-10 09:10:58
449,41,40,95,67 Porter Hill,86-(481)700-2773,2016-01-13 13:59:56
450,8,60,73,84184 Dwight Way,52-(576)844-4113,2015-05-14 09:26:49
451,44,74,20,04901 American Point,63-(479)463-9743,2015-07-25 01:17:06
452,2,18,68,16 Tennessee Hill,7-(619)686-5467,2016-02-25 21:37:14
453,16,61,22,7011 Maple Hill,33-(254)174-1806,2016-03-23 15:50:51
454,21,42,74,9 Commercial Street,33-(289)340-7626,2016-01-27 17:11:36
455,11,87,95,9191 Hanson Center,62-(963)475-3514,2015-11-23 09:12:53
456,27,41,88,2 Mitchell Way,62-(856)139-6751,2015-08-10 10:11:17
457,12,85,53,25299 Kinsman Lane,66-(813)718-5965,2015-05-16 02:16:13
458,25,1,69,0 Fordem Park,55-(762)560-2753,2016-02-06 12:28:55
459,32,72,71,08 Veith Way,249-(417)334-9566,2016-03-14 05:19:01
460,40,22,75,59 Muir Street,46-(975)987-3559,2015-05-12 19:07:44
461,29,6,70,3 Golf Center,852-(934)332-1580,2015-07-24 22:06:59
462,36,5,39,88 Loftsgordon Pass,48-(486)894-1034,2015-09-23 11:25:47
463,45,38,38,03580 American Crossing,420-(378)409-1012,2015-07-17 14:55:21
464,31,97,41,4 Monterey Plaza,62-(890)442-0826,2015-05-28 23:05:41
465,23,84,30,2 Knutson Junction,48-(152)599-0281,2015-12-11 05:57:35
466,24,4,28,2422 Jana Alley,86-(911)145-4737,2015-11-01 15:15:45
467,46,43,32,97102 Burning Wood Terrace,63-(298)498-8090,2015-04-14 02:35:48
468,7,4,2,8251 Maple Way,1-(610)919-7914,2015-05-06 23:50:48
469,47,23,71,22289 Green Ridge Crossing,62-(677)339-0232,2015-05-13 07:59:43
470,11,50,17,2097 Debs Avenue,33-(675)363-3229,2015-06-02 18:57:53
471,24,31,41,96878 Fuller Court,81-(449)877-4408,2016-01-14 09:17:53
472,24,9,41,64059 Goodland Point,54-(927)668-0755,2015-10-14 09:02:28
473,17,57,58,17272 Pierstorff Pass,86-(132)870-1182,2016-03-15 11:25:22
474,39,6,74,95 Rockefeller Plaza,976-(781)663-1151,2015-12-09 02:05:38
475,35,53,92,56 Prentice Place,86-(441)527-6266,2015-04-07 17:11:25
476,41,80,96,417 Fordem Point,86-(717)270-5726,2015-06-08 20:22:43
477,33,47,88,28 Heath Street,84-(928)993-6386,2015-10-13 06:39:40
478,43,53,44,81105 Prairie Rose Plaza,52-(798)744-6034,2015-04-08 02:46:34
479,7,73,37,52681 Kim Park,86-(961)471-6297,2015-12-29 01:52:41
480,37,36,35,2 Randy Center,31-(654)789-7747,2016-02-17 16:55:26
481,27,12,61,0796 Ramsey Park,1-(716)371-1230,2015-10-31 09:54:44
482,9,73,42,8 Longview Point,62-(376)180-7161,2015-05-17 13:22:53
483,48,57,51,5 Clyde Gallagher Parkway,389-(747)865-0148,2015-08-03 17:39:10
484,11,25,56,893 Hansons Court,48-(330)429-2033,2015-08-05 18:57:39
485,34,37,18,648 Lawn Alley,62-(901)790-2778,2016-03-12 04:37:50
486,46,84,49,8 Norway Maple Plaza,58-(631)640-1569,2015-06-08 02:20:15
487,10,87,82,67 Eggendart Alley,353-(926)211-6559,2015-12-02 17:16:40
488,25,98,14,233 Clemons Pass,86-(825)301-3894,2015-06-08 08:19:15
489,21,65,11,1 Warrior Way,86-(302)490-4102,2016-01-18 12:19:29
490,17,20,89,87336 Elgar Street,82-(791)695-9282,2015-08-18 02:20:00
491,42,39,22,4 Division Park,55-(630)663-2863,2015-09-07 09:29:52
492,41,2,47,5 Chive Crossing,55-(937)679-9127,2015-07-30 06:05:40
493,46,16,39,03 Ludington Way,965-(878)201-3571,2015-06-25 05:41:39
494,37,96,82,42 Forster Way,93-(468)237-0316,2015-06-20 20:21:54
495,46,89,30,7 Duke Trail,351-(498)831-8662,2015-09-14 12:44:17
496,40,10,51,22 Bellgrove Way,33-(182)274-5667,2015-09-20 08:45:40
497,41,16,10,2 Heffernan Park,55-(837)156-3149,2015-07-15 07:43:23
498,18,72,16,13418 Magdeline Pass,355-(423)823-9082,2015-06-04 03:24:06
499,32,99,50,1142 Mitchell Park,62-(596)674-4314,2016-01-09 18:53:40
500,6,33,49,5014 Lillian Pass,63-(446)474-4184,2016-01-07 09:09:34
501,33,98,75,76714 Anhalt Terrace,420-(646)390-1204,2015-11-26 14:48:23
502,6,44,28,124 Scoville Crossing,86-(501)192-4424,2016-03-10 13:58:11
503,31,68,3,32 Stuart Drive,263-(900)159-6500,2015-11-18 18:54:31
504,2,41,45,750 Summit Parkway,57-(706)983-6964,2015-11-27 01:33:32
505,32,72,31,20 Merry Lane,46-(175)812-8094,2015-09-25 23:48:48
506,10,84,92,8 Vernon Terrace,7-(274)443-4732,2016-01-16 07:20:09
507,7,60,70,395 Mayer Court,63-(829)933-8623,2015-10-23 01:17:31
508,14,41,64,5253 Marcy Hill,972-(560)716-8926,2016-01-28 17:52:17
509,50,31,2,93703 Oneill Crossing,52-(188)757-6014,2015-05-27 19:16:48
510,49,31,55,21 Dottie Crossing,1-(800)457-4296,2016-03-06 14:41:11
511,3,94,91,58 Riverside Plaza,63-(708)434-3341,2016-01-02 09:06:02
512,36,94,50,95122 Pearson Park,81-(124)283-8809,2015-04-11 06:25:42
513,28,47,82,2368 Pond Crossing,86-(669)233-7371,2015-11-17 11:39:32
514,37,80,10,0 Hoepker Trail,63-(108)147-2644,2015-08-29 12:13:13
515,38,63,97,4 Hollow Ridge Crossing,48-(751)190-6927,2016-01-13 03:35:07
516,13,52,28,837 Stoughton Way,420-(973)522-1774,2016-01-07 21:59:08
517,32,1,59,1 Burning Wood Center,380-(214)537-8179,2015-11-19 12:54:40
518,47,41,4,12028 Sage Road,60-(578)765-8810,2015-06-12 12:42:11
519,9,89,96,950 Mandrake Crossing,86-(313)771-5651,2015-06-16 11:07:51
520,33,29,32,95957 Charing Cross Drive,62-(759)673-7092,2015-06-05 05:15:54
521,2,92,43,6 Dexter Parkway,27-(485)229-2837,2015-11-17 06:14:51
522,10,98,44,22196 Loftsgordon Road,30-(636)358-7819,2015-04-29 15:38:16
523,33,1,28,338 Northland Plaza,48-(988)940-1801,2016-01-13 06:38:13
524,22,33,28,49 Dwight Circle,30-(951)358-9610,2016-02-09 15:51:10
525,36,22,47,16539 Luster Terrace,351-(758)965-7336,2015-12-28 23:54:34
526,8,83,73,56 Saint Paul Junction,48-(513)991-0763,2015-12-18 00:00:39
527,27,54,68,6298 Brown Lane,351-(263)230-5576,2015-09-03 21:22:35
528,17,31,59,205 Clarendon Plaza,86-(928)956-3999,2015-08-24 04:00:49
529,12,68,94,8 Pepper Wood Point,7-(297)557-0258,2015-12-01 11:12:33
530,23,12,62,254 Harper Drive,380-(892)964-8143,2015-11-14 17:11:38
531,40,36,7,46176 Westend Center,371-(898)870-4664,2015-12-13 06:59:08
532,20,33,85,4 Redwing Alley,680-(942)678-6380,2015-04-09 05:31:21
533,2,66,79,0564 Doe Crossing Parkway,81-(493)633-2333,2015-05-03 10:14:57
534,38,83,25,3 Dovetail Lane,358-(730)927-3894,2015-11-14 15:41:35
535,8,44,6,23296 Calypso Way,63-(953)516-9345,2015-05-28 19:47:31
536,33,41,53,4 Northview Parkway,237-(672)255-9063,2016-03-01 11:49:27
537,46,72,13,88966 Lake View Avenue,380-(891)216-7029,2015-07-10 15:20:06
538,39,78,75,876 Marcy Park,47-(702)473-5629,2016-01-03 01:05:12
539,6,35,58,422 Banding Point,82-(498)128-5959,2016-02-18 07:25:10
540,8,9,1,07 Summerview Drive,86-(199)755-2148,2015-04-03 05:21:11
541,10,39,61,78 Crest Line Crossing,46-(954)406-3418,2015-07-19 21:02:22
542,15,98,70,0 Northwestern Terrace,52-(543)875-1967,2015-10-16 10:31:06
543,1,85,33,8684 Steensland Plaza,81-(617)316-2668,2016-01-09 02:18:51
544,10,55,59,60 Lighthouse Bay Circle,86-(216)845-4950,2016-01-13 18:15:45
545,47,23,56,883 Almo Court,62-(620)763-4020,2016-03-24 14:05:21
546,40,91,89,84 Buena Vista Street,33-(119)142-1786,2016-02-08 02:49:00
547,41,83,74,2347 Upham Way,225-(191)716-6181,2015-07-07 03:22:41
548,41,64,48,94 Summer Ridge Terrace,33-(231)512-5896,2015-12-31 12:45:29
549,20,41,48,372 Birchwood Court,509-(672)262-4008,2015-11-10 00:02:01
550,29,55,34,378 High Crossing Park,216-(195)855-9074,2015-07-30 22:35:30
551,12,66,31,720 Corben Pass,420-(581)779-6441,2016-01-30 19:59:11
552,17,13,50,99 Hooker Court,86-(590)487-7267,2015-05-01 20:34:25
553,35,61,96,10 Thackeray Pass,1-(718)128-8832,2015-07-27 22:55:05
554,36,57,55,7864 Orin Pass,356-(947)470-9959,2015-10-04 19:30:00
555,12,53,50,0 Gateway Center,86-(794)174-2391,2016-03-02 16:47:14
556,40,47,81,0250 Briar Crest Road,62-(803)627-7927,2015-05-16 00:58:52
557,22,59,70,911 Ridge Oak Pass,63-(193)787-9102,2015-12-15 23:16:11
558,11,37,52,15596 Roth Court,82-(511)262-7316,2016-03-26 17:57:36
559,6,80,47,352 Northland Avenue,355-(309)520-6532,2015-12-03 22:31:06
560,3,77,53,91739 Debra Road,216-(974)988-5190,2016-03-24 19:04:17
561,34,46,22,27401 Upham Terrace,351-(589)490-6325,2015-11-01 20:00:53
562,14,70,11,464 Gina Crossing,93-(195)577-4571,2015-07-01 05:17:23
563,31,28,86,7 Vidon Court,7-(570)580-3160,2015-08-09 06:08:44
564,21,6,88,77 Eastlawn Drive,351-(303)639-9535,2015-10-20 07:18:55
565,50,57,29,42105 Corry Park,20-(407)460-5760,2015-07-16 03:48:25
566,24,75,34,77302 Northfield Place,351-(721)233-3242,2015-05-11 21:19:45
567,35,68,14,9617 Blue Bill Park Street,48-(338)889-2445,2015-07-20 23:30:19
568,47,80,76,7268 Russell Place,62-(647)849-1863,2015-10-19 04:00:18
569,45,83,83,01 Elgar Point,55-(937)581-6648,2015-10-03 05:48:28
570,27,54,41,1979 Stephen Court,420-(499)631-0369,2015-12-08 19:34:15
571,27,38,20,84451 Bartelt Road,371-(389)825-2096,2015-04-20 11:21:01
572,4,99,92,1279 Summit Crossing,62-(505)268-8126,2015-12-23 06:42:21
573,3,7,58,79 Fair Oaks Junction,86-(407)327-4967,2015-10-04 09:04:26
574,42,45,24,5 Mitchell Center,351-(150)468-2083,2016-02-28 14:03:18
575,24,47,61,8000 Morrow Alley,62-(470)542-7737,2015-11-09 01:13:17
576,50,52,64,253 Northport Park,86-(924)121-8668,2015-08-23 06:58:36
577,14,47,21,173 Aberg Center,381-(570)925-8276,2016-02-23 15:27:23
578,50,26,82,30817 Troy Road,20-(472)609-3298,2015-12-10 21:36:24
579,14,44,64,39 Stone Corner Trail,1-(860)392-4895,2015-07-19 04:39:45
580,36,86,39,4 Longview Circle,62-(310)443-9641,2015-06-12 08:53:56
581,32,31,36,701 Holy Cross Center,48-(521)969-3488,2015-05-01 03:48:43
582,39,64,21,9 Loeprich Hill,48-(199)337-5763,2015-03-31 16:59:55
583,7,10,96,10 Eastlawn Court,1-(370)898-4321,2015-06-29 03:02:46
584,25,51,39,0238 Sunfield Lane,86-(566)752-7578,2015-05-29 18:57:09
585,11,95,75,61268 Chive Court,389-(452)652-0192,2015-12-21 10:37:51
586,42,54,98,7891 Sage Hill,33-(726)840-5817,2015-09-16 21:13:10
587,36,62,67,398 Dwight Terrace,30-(502)240-3678,2015-12-23 08:15:02
588,15,7,69,5 Main Hill,351-(926)316-2377,2015-08-18 10:57:44
589,36,70,91,2 Ridgeview Avenue,351-(120)462-9332,2015-09-25 23:56:04
590,17,27,5,643 Dahle Junction,855-(541)673-5640,2015-06-08 15:13:27
591,13,100,100,3052 Towne Trail,58-(166)992-1997,2015-10-30 21:07:36
592,27,92,53,9242 Rockefeller Court,81-(117)801-9832,2016-01-25 11:20:07
593,25,26,81,585 Sundown Circle,62-(409)483-0049,2015-12-01 01:30:48
594,15,21,71,32428 Moland Parkway,86-(449)285-4757,2015-12-01 15:16:53
595,42,67,88,6617 Florence Center,60-(449)218-9498,2016-02-17 01:54:14
596,29,92,43,044 Commercial Court,62-(132)937-2067,2015-12-14 16:55:46
597,13,63,37,436 Ridgeview Parkway,55-(132)207-3890,2015-04-02 11:27:08
598,20,34,46,701 Dovetail Way,7-(477)635-7773,2016-03-25 04:12:55
599,30,20,41,02515 Buena Vista Avenue,52-(127)609-2987,2015-04-11 10:55:53
600,47,37,95,81379 Mandrake Center,86-(987)322-9465,2015-12-04 01:23:14
601,40,65,13,15160 Bluejay Court,63-(298)128-3497,2015-09-13 14:16:47
602,25,16,48,94937 Petterle Crossing,63-(447)935-6814,2016-02-25 17:55:16
603,40,51,61,77164 Becker Lane,86-(281)705-1307,2015-07-04 00:00:03
604,35,26,9,71352 Green Ridge Way,880-(702)251-2126,2015-08-09 23:01:38
605,44,41,99,7147 West Parkway,48-(589)419-7727,2015-10-03 23:01:39
606,12,91,7,50001 Melrose Point,86-(235)991-5376,2015-11-14 10:04:06
607,9,70,93,0728 2nd Road,63-(102)120-7029,2016-02-24 18:00:27
608,20,25,77,9 Texas Plaza,353-(372)176-5310,2015-07-27 18:37:01
609,14,28,58,4 Waubesa Center,93-(203)769-4457,2015-08-21 03:08:55
610,10,79,23,85 Lukken Lane,98-(374)481-2362,2015-11-07 16:29:01
611,23,1,8,3 Evergreen Point,86-(345)230-8990,2015-08-25 05:58:25
612,46,77,98,075 Moose Drive,86-(505)506-2727,2015-09-20 01:36:35
613,41,73,77,8 Iowa Plaza,86-(788)305-1102,2015-04-25 02:47:36
614,10,27,28,1117 Linden Trail,82-(669)118-9443,2015-11-14 17:44:10
615,11,32,13,69 Mcbride Hill,63-(862)561-5660,2015-10-09 16:10:45
616,47,92,83,0 Judy Crossing,56-(604)785-8701,2016-02-01 19:27:20
617,16,84,26,9051 Dennis Junction,86-(728)439-6318,2015-07-21 10:04:01
618,19,88,55,904 Nevada Court,27-(298)690-4477,2016-01-16 16:27:07
619,48,15,35,672 Forster Drive,54-(686)617-5899,2015-04-02 19:12:06
620,39,39,48,5598 Magdeline Parkway,55-(509)175-8555,2016-02-10 04:22:16
621,7,49,85,62 Cottonwood Road,47-(954)300-5422,2015-09-03 09:48:56
622,34,69,52,23 Burrows Street,1-(562)549-4670,2015-12-11 09:07:11
623,50,89,59,47562 Rusk Court,235-(468)662-8249,2015-09-05 11:04:13
624,41,63,55,3708 Randy Trail,86-(365)676-6697,2015-05-03 01:47:19
625,2,73,100,177 Spohn Plaza,62-(251)779-2820,2015-09-26 01:31:50
626,49,5,70,0 New Castle Court,81-(502)680-0400,2015-06-08 21:25:49
627,10,6,8,2 Lien Lane,86-(451)790-5399,2016-03-20 12:52:46
628,14,76,21,02159 Elgar Road,46-(969)658-6404,2015-08-15 04:46:54
629,19,12,15,527 Birchwood Terrace,86-(107)852-8788,2015-04-15 06:02:41
630,23,35,54,31864 Harper Drive,216-(378)612-2668,2015-08-12 17:56:22
631,25,26,32,42780 Dixon Park,48-(173)381-5767,2015-08-08 22:52:10
632,11,98,96,8353 Longview Parkway,92-(894)191-1240,2015-05-29 10:41:58
633,48,48,93,2519 Scott Plaza,60-(706)639-6828,2016-02-08 01:49:44
634,13,65,60,6 Basil Plaza,420-(555)684-5664,2015-04-05 21:02:17
635,28,29,35,637 Sullivan Lane,7-(569)370-9706,2015-08-30 01:01:04
636,7,9,81,3 Goodland Road,63-(154)274-4810,2015-07-06 18:56:31
637,39,85,9,173 Schlimgen Pass,46-(376)620-9502,2015-05-11 01:45:46
638,13,5,52,753 Monica Way,593-(823)294-5870,2016-03-26 10:46:55
639,34,76,56,91817 Clove Crossing,86-(939)191-8526,2015-04-12 02:38:12
640,38,65,31,4 Cody Park,62-(688)335-5661,2016-02-02 21:50:55
641,38,2,68,519 Doe Crossing Junction,62-(564)512-0856,2015-12-03 19:17:59
642,47,24,100,8 Thierer Way,7-(159)158-5225,2016-01-01 19:54:31
643,46,53,81,4739 Dryden Point,420-(699)457-9596,2015-07-20 02:19:20
644,5,38,72,4741 Spaight Junction,380-(113)935-7071,2015-11-25 22:15:01
645,50,3,59,6187 Schmedeman Terrace,351-(513)254-4350,2015-12-17 14:32:15
646,14,54,7,99035 Garrison Trail,351-(497)848-0653,2015-08-20 05:08:21
647,35,27,40,6 Russell Place,48-(483)735-9209,2016-03-05 16:23:05
648,33,13,66,794 Scott Street,48-(861)571-4237,2015-05-15 17:45:29
649,27,16,4,3391 Atwood Pass,52-(595)218-8969,2015-07-12 01:46:26
650,33,93,68,54104 Mitchell Crossing,62-(690)962-4921,2015-11-20 06:09:57
651,10,50,47,173 Sutteridge Street,380-(938)570-0408,2015-09-12 01:03:40
652,27,27,68,16644 Ridge Oak Street,86-(579)796-4192,2016-01-13 06:29:28
653,28,33,59,402 Tony Circle,7-(537)510-7287,2015-10-06 21:58:17
654,11,8,51,46084 Green Parkway,47-(451)917-6975,2016-03-16 19:18:27
655,36,16,63,51 Banding Park,970-(172)420-8269,2015-04-10 21:36:43
656,14,70,61,37847 Parkside Court,86-(531)180-3997,2015-12-29 13:28:22
657,19,18,100,38323 Daystar Place,1-(210)575-8213,2015-10-20 05:03:35
658,46,38,33,19 Surrey Junction,7-(970)348-9973,2015-10-25 23:40:23
659,31,9,92,02460 Boyd Circle,55-(728)232-8340,2016-01-18 11:54:00
660,23,98,17,694 Spaight Pass,62-(911)606-5656,2015-08-21 05:16:55
661,43,20,98,7239 Di Loreto Center,62-(479)262-6075,2015-03-31 04:08:17
662,2,50,55,24 Arizona Road,86-(967)669-3337,2015-11-01 22:34:38
663,36,7,10,581 Bayside Street,86-(550)514-8530,2015-06-20 15:37:34
664,1,94,82,93 Bobwhite Parkway,48-(559)318-9059,2015-04-05 11:12:13
665,2,46,93,64822 Petterle Pass,62-(813)107-3041,2015-11-07 21:29:16
666,21,99,45,9387 Lawn Point,48-(548)273-3085,2015-06-28 03:37:43
667,46,40,50,420 Miller Terrace,351-(982)961-6568,2015-04-29 22:21:38
668,17,37,62,48964 Lakeland Street,7-(911)123-2627,2016-01-31 04:05:03
669,30,43,58,4 Elgar Road,62-(884)719-7855,2016-02-05 03:19:00
670,36,17,12,864 Amoth Court,33-(713)672-0520,2016-02-20 06:52:05
671,19,22,45,74 Grasskamp Alley,63-(105)151-8761,2015-10-12 03:36:15
672,1,54,64,815 Canary Plaza,86-(553)664-5477,2015-08-24 04:48:11
673,43,65,34,3 Randy Circle,86-(355)980-5519,2015-07-25 16:37:24
674,8,76,67,72 Fuller Crossing,51-(578)130-0720,2015-08-17 22:00:33
675,12,14,75,82 Norway Maple Junction,54-(488)853-8554,2015-05-13 01:57:47
676,3,63,53,94 Londonderry Place,7-(405)594-8158,2015-09-24 10:21:18
677,6,39,92,8 Commercial Point,352-(765)664-5203,2016-01-10 01:53:20
678,36,36,39,269 Sunfield Avenue,351-(759)324-0345,2015-04-12 08:16:38
679,8,54,40,3679 Cody Terrace,351-(863)813-5867,2016-01-23 08:16:01
680,4,25,7,228 Scott Center,62-(466)884-3885,2015-12-23 03:43:35
681,49,68,14,2 Hallows Place,62-(638)579-4598,2015-10-18 21:19:00
682,9,9,59,27926 Dorton Terrace,383-(986)489-0593,2016-03-17 05:56:13
683,7,25,48,000 Tomscot Circle,1-(770)870-6123,2016-03-04 09:13:42
684,38,20,45,786 Sloan Plaza,355-(641)401-9716,2015-04-24 13:22:58
685,40,22,91,86 Mesta Street,63-(960)948-9426,2016-02-03 15:41:38
686,41,88,64,86 Vernon Plaza,62-(241)242-6214,2015-10-28 12:24:51
687,50,11,8,6 Florence Park,375-(776)505-9235,2016-02-16 10:31:58
688,19,40,39,69 Chive Terrace,420-(367)973-2453,2016-03-06 18:45:23
689,23,94,73,764 Havey Point,47-(963)282-1227,2015-06-08 08:32:57
690,37,54,19,99003 Cascade Trail,998-(272)962-8451,2016-03-28 12:01:21
691,2,73,53,881 Kinsman Park,86-(481)509-3278,2015-07-18 06:33:44
692,20,100,3,626 Grim Parkway,54-(311)535-9794,2015-12-31 16:26:23
693,34,71,37,7 Melvin Park,63-(502)849-4566,2015-05-19 20:12:07
694,25,36,62,2 Spaight Avenue,62-(352)875-0277,2015-10-24 17:29:00
695,18,82,5,8192 Eastlawn Terrace,62-(977)294-7796,2015-05-04 19:27:59
696,48,79,55,91834 7th Crossing,62-(163)618-7614,2015-09-06 02:28:13
697,12,89,98,7 Westridge Drive,31-(690)330-1590,2015-07-30 17:19:54
698,25,56,18,343 Sutteridge Plaza,86-(655)695-7542,2015-10-09 16:24:21
699,10,48,80,75494 Blue Bill Park Court,54-(193)172-1387,2015-09-30 23:37:18
700,39,91,93,3 Walton Alley,998-(279)721-0989,2016-02-08 05:30:09
701,44,87,75,6531 Burrows Park,381-(542)802-0064,2015-12-06 23:03:18
702,30,7,45,16 Hermina Hill,51-(178)639-0024,2015-07-07 06:29:36
703,32,65,95,3 Thierer Park,63-(681)815-0111,2016-03-03 01:50:37
704,36,34,9,1121 Badeau Circle,46-(256)391-7650,2015-06-06 06:11:07
705,41,27,56,01528 Jenna Junction,86-(153)823-9905,2015-05-16 20:20:09
706,32,44,97,71 Golf Course Court,86-(880)812-0473,2016-01-16 15:30:12
707,39,58,14,110 Goodland Terrace,381-(185)739-0746,2015-07-26 19:30:15
708,24,65,31,180 La Follette Terrace,7-(865)152-5223,2015-05-25 07:38:56
709,1,90,54,9 Welch Court,263-(628)471-8926,2015-05-21 08:33:43
710,22,79,84,04 Meadow Valley Hill,49-(302)266-6365,2015-05-14 15:07:03
711,6,65,2,463 Iowa Alley,381-(378)682-8213,2015-08-02 14:51:01
712,14,54,53,46567 International Place,7-(369)554-0532,2015-05-12 19:34:44
713,32,66,90,65 8th Plaza,963-(669)240-1300,2016-01-20 08:04:58
714,38,85,91,70098 Namekagon Drive,86-(561)842-8705,2015-09-18 10:59:30
715,38,44,86,44373 Badeau Way,84-(290)861-7006,2015-09-23 10:20:51
716,44,42,99,8761 Golf View Alley,46-(795)583-5157,2015-04-26 00:06:20
717,2,66,29,2934 Pepper Wood Place,351-(107)637-1352,2015-07-07 07:24:44
718,35,75,81,7728 Fordem Point,86-(233)906-4691,2015-07-21 03:25:44
719,24,59,63,71 Sunbrook Junction,62-(791)444-5000,2016-03-21 04:42:02
720,42,92,18,92970 Bartelt Center,358-(757)758-7681,2015-12-24 10:48:44
721,41,66,61,38420 Barnett Park,62-(130)263-5736,2016-01-08 13:54:57
722,10,54,10,82 Mcbride Avenue,86-(829)374-8503,2015-06-15 15:00:04
723,35,22,83,89077 8th Crossing,92-(637)281-1961,2015-04-02 04:09:00
724,4,52,94,8 Schiller Junction,86-(371)517-8219,2016-03-21 07:46:26
725,37,10,31,8822 Lighthouse Bay Circle,55-(144)652-6552,2015-06-10 04:11:27
726,47,73,51,06 North Drive,63-(461)840-4391,2015-10-30 11:55:40
727,22,42,79,7 5th Drive,63-(229)151-6008,2015-10-04 16:19:20
728,20,56,63,16063 Dryden Lane,55-(613)472-6111,2016-01-19 16:36:38
729,15,16,19,62 Rieder Plaza,55-(579)642-1880,2015-10-29 02:09:56
730,49,55,24,81 Reinke Junction,63-(667)404-0772,2015-06-21 18:37:26
731,32,62,82,659 International Park,86-(582)320-4360,2016-03-24 23:19:28
732,49,63,10,1565 Roth Hill,225-(136)674-8588,2015-06-15 22:53:59
733,11,19,62,30 Luster Parkway,507-(394)586-8609,2015-04-12 14:19:09
734,18,21,34,958 Meadow Valley Park,381-(589)331-3856,2015-12-09 19:56:22
735,7,60,18,7794 Aberg Circle,62-(253)769-2264,2016-03-21 01:39:16
736,43,47,72,4 Nevada Court,62-(664)379-6558,2015-11-03 03:00:11
737,31,73,35,3530 Pierstorff Parkway,216-(622)959-8385,2015-10-05 19:35:59
738,38,59,53,0 Warbler Street,86-(430)192-9737,2015-10-19 05:36:27
739,25,4,51,1019 Buhler Crossing,86-(892)171-5576,2016-01-27 07:55:36
740,46,71,37,183 Grayhawk Court,86-(261)245-2847,2015-12-22 01:18:53
741,34,46,73,4 Talisman Circle,62-(146)219-3196,2016-01-18 09:47:42
742,32,31,81,4 Talisman Hill,63-(179)260-0509,2015-08-29 09:47:33
743,22,40,68,14625 Calypso Plaza,86-(759)821-2879,2015-11-15 12:18:37
744,46,12,84,634 Mariners Cove Pass,55-(987)426-7978,2015-09-14 11:41:55
745,11,35,42,49549 Becker Street,86-(114)605-1784,2015-04-11 15:51:03
746,35,21,40,93054 Moulton Center,63-(566)870-2631,2015-04-25 18:17:12
747,37,57,29,96691 Oneill Plaza,53-(870)434-0190,2016-01-04 02:41:38
748,42,73,77,68 Westend Plaza,993-(451)429-4431,2015-11-17 03:47:16
749,20,75,69,6 Gulseth Way,1-(432)715-7261,2015-10-13 04:38:14
750,10,6,8,4 Southridge Point,358-(945)210-9667,2015-04-06 11:21:06
751,35,35,83,986 Anniversary Court,7-(842)788-1918,2015-05-12 11:00:23
752,1,72,98,3 Stuart Lane,351-(459)990-7786,2015-12-20 15:22:02
753,10,20,17,21 Utah Plaza,84-(163)419-6135,2016-02-10 21:11:03
754,47,66,93,651 Eagle Crest Court,1-(732)486-2543,2015-05-31 21:44:09
755,37,92,20,78 Eggendart Place,55-(936)446-5213,2015-12-23 15:29:55
756,32,74,24,52 Nobel Junction,51-(203)687-1260,2015-07-18 15:59:47
757,37,25,6,7238 Bowman Terrace,7-(311)259-5233,2015-04-04 13:09:48
758,45,1,75,5 Cottonwood Drive,351-(716)653-0358,2015-10-18 00:36:56
759,15,61,54,0 Independence Pass,7-(343)779-1496,2016-02-04 17:47:07
760,1,58,32,2 Susan Point,62-(685)947-2247,2015-05-05 05:58:39
761,49,14,1,22895 Union Road,86-(978)549-1030,2015-05-11 11:19:30
762,16,75,23,2 Ryan Terrace,970-(869)123-5845,2016-02-25 08:53:18
763,49,27,80,783 Spaight Avenue,30-(653)240-2243,2015-08-31 11:55:14
764,17,94,83,41 Northridge Park,62-(753)941-7163,2015-10-23 00:28:30
765,16,45,78,723 Granby Pass,30-(686)473-6509,2015-08-11 17:52:47
766,17,93,83,7210 Cascade Plaza,62-(511)704-5225,2015-08-20 13:17:36
767,39,78,97,758 Spaight Road,86-(783)273-2713,2016-01-06 04:50:11
768,5,14,88,729 Paget Parkway,31-(185)619-4991,2015-05-27 02:11:06
769,28,80,23,1146 Ryan Way,370-(804)720-1387,2015-06-29 14:14:20
770,21,48,58,0409 Roth Drive,355-(915)959-1330,2015-07-19 07:27:37
771,14,77,84,211 Union Hill,7-(810)714-1779,2015-07-27 06:49:08
772,38,99,70,142 Clove Drive,976-(971)712-9062,2015-10-28 23:12:13
773,11,73,1,234 Algoma Pass,86-(831)104-8251,2015-10-06 14:32:42
774,14,54,16,783 Redwing Parkway,92-(419)902-2400,2015-09-29 03:14:31
775,4,91,60,8572 Vernon Court,380-(291)213-2749,2015-10-22 17:29:45
776,23,53,74,45558 Badeau Park,86-(718)329-8851,2015-07-04 01:11:13
777,32,12,10,574 Kings Point,63-(313)657-9833,2015-11-12 07:43:47
778,24,44,56,460 Armistice Point,86-(601)547-3693,2016-01-10 21:53:00
779,19,5,10,33262 Merchant Junction,86-(530)293-0788,2015-11-04 14:46:53
780,34,13,35,70688 Boyd Pass,46-(681)323-7739,2015-11-26 22:58:19
781,32,80,83,7 Schlimgen Plaza,86-(323)641-5055,2015-06-04 10:27:47
782,15,34,58,66 Summer Ridge Place,33-(309)104-2238,2015-09-18 01:41:04
783,2,22,90,4368 Lawn Center,66-(395)379-2240,2015-09-03 06:12:42
784,43,32,37,4 Green Ridge Pass,86-(375)474-7513,2015-11-21 23:39:49
785,11,15,47,42 Goodland Parkway,81-(818)710-3473,2015-04-19 19:30:32
786,9,100,14,3 Anderson Avenue,86-(850)397-7402,2015-05-16 16:57:08
787,20,50,31,61889 Grim Center,62-(571)632-8482,2016-03-27 22:50:42
788,32,29,2,81 Arapahoe Plaza,55-(545)259-6476,2015-04-05 07:05:55
789,31,25,66,737 Harbort Avenue,255-(117)698-4831,2015-08-09 20:20:39
790,2,96,4,42 Tomscot Pass,381-(476)341-9593,2015-10-25 22:33:29
791,34,10,84,98831 Linden Street,48-(734)949-8486,2015-09-18 00:24:35
792,26,60,85,463 Pankratz Park,81-(310)519-1081,2016-02-16 06:03:05
793,27,33,73,8 Sutteridge Avenue,30-(523)933-7023,2015-11-29 16:10:48
794,12,86,26,6706 Clemons Crossing,1-(389)944-8799,2016-02-02 17:32:00
795,18,17,16,48 Summer Ridge Court,48-(921)714-5997,2016-03-16 08:49:54
796,2,91,52,11487 Texas Circle,46-(134)394-5544,2015-12-04 00:32:25
797,49,13,1,64488 Luster Plaza,62-(672)421-2571,2015-06-01 12:27:40
798,2,33,41,73 Oak Pass,63-(945)891-9802,2016-03-15 21:13:56
799,21,41,39,8573 Anderson Plaza,52-(418)562-0750,2015-10-13 02:27:54
800,43,85,27,23008 La Follette Trail,62-(817)398-0419,2015-12-09 05:08:54
801,20,23,4,409 Upham Street,86-(616)397-1833,2015-10-24 07:49:04
802,19,21,97,835 Anzinger Crossing,86-(954)567-8847,2015-08-14 10:13:53
803,10,100,85,8 Mesta Terrace,55-(302)340-2552,2015-08-14 04:11:28
804,16,36,72,63162 Sachtjen Lane,358-(340)142-6846,2016-03-01 23:54:46
805,26,34,85,17364 Sloan Hill,86-(220)815-1388,2015-06-18 09:05:00
806,12,90,86,1 Prairie Rose Avenue,57-(254)100-7995,2015-04-29 18:16:16
807,22,26,5,25615 Merchant Lane,7-(443)778-0678,2015-05-27 14:56:39
808,17,69,2,4 Helena Circle,380-(828)604-6203,2015-04-21 04:05:27
809,2,57,93,7139 Talisman Pass,86-(670)830-6927,2015-08-01 15:29:47
810,4,20,1,3 Ryan Avenue,1-(650)267-2640,2015-11-17 02:32:04
811,12,59,19,5341 Evergreen Circle,994-(403)747-5322,2016-01-12 09:20:13
812,32,53,77,628 Union Crossing,55-(390)835-2608,2015-05-18 11:08:37
813,39,44,61,855 Nancy Place,62-(536)628-6604,2015-06-19 13:45:24
814,18,27,56,5 Northview Plaza,55-(934)873-2490,2015-08-15 16:13:50
815,49,52,64,488 Moulton Place,55-(623)780-0441,2016-01-12 14:34:16
816,28,6,94,23585 Farragut Way,81-(957)507-1309,2015-11-08 16:54:26
817,41,19,70,11389 Harper Court,62-(991)355-3684,2016-01-25 03:19:36
818,23,30,68,7 Esker Court,98-(221)581-3337,2015-08-28 22:36:23
819,39,5,29,527 Columbus Hill,33-(228)406-5787,2016-03-11 23:04:30
820,7,67,3,8366 Fairfield Circle,1-(194)674-5746,2015-12-21 17:33:07
821,35,65,9,19571 Declaration Way,48-(195)810-2004,2015-04-27 20:23:49
822,30,84,42,22770 Bartelt Crossing,86-(179)672-9536,2015-12-26 21:38:32
823,25,9,74,13 Bartelt Street,1-(434)367-3494,2016-01-15 08:58:03
824,5,77,71,812 American Ash Center,56-(491)440-3964,2016-01-29 12:27:08
825,13,5,28,6140 Manufacturers Plaza,385-(605)573-3342,2016-02-22 02:39:12
826,48,95,3,340 Barnett Trail,55-(718)597-2543,2015-07-29 05:06:31
827,23,30,21,7 Springview Lane,963-(129)992-4615,2015-11-05 15:11:29
828,5,74,76,92576 Shoshone Trail,381-(699)573-6385,2015-12-16 12:38:09
829,48,57,17,0942 Eggendart Center,48-(164)875-4355,2015-06-20 15:52:39
830,40,6,2,7 Porter Parkway,420-(649)437-5756,2015-07-22 17:43:44
831,26,58,25,5 Cascade Terrace,62-(830)711-9065,2015-09-05 05:01:03
832,4,49,52,7741 Mockingbird Lane,7-(381)750-2206,2015-06-23 03:21:08
833,31,58,55,09 Caliangt Parkway,62-(874)645-5133,2015-06-03 18:47:54
834,34,30,99,56196 Randy Drive,86-(621)658-3138,2015-04-10 16:59:40
835,44,47,84,58912 High Crossing Drive,92-(860)888-5882,2016-01-01 14:33:13
836,46,88,27,9512 Forest Dale Trail,86-(826)136-1009,2015-08-30 17:09:22
837,47,71,65,801 Paget Circle,673-(805)682-7577,2015-11-16 01:04:51
838,9,64,38,78880 Prentice Crossing,86-(658)615-3951,2015-10-04 16:20:18
839,14,64,83,31 Fairfield Avenue,591-(380)160-5983,2015-05-17 00:51:39
840,9,10,17,96931 Katie Parkway,86-(962)764-2539,2015-07-23 00:15:10
841,26,26,89,45 Gulseth Crossing,27-(687)590-7514,2015-12-23 09:09:27
842,29,6,5,448 Sloan Pass,54-(671)599-7700,2015-06-21 00:11:12
843,3,29,71,2 Hauk Plaza,351-(334)341-8168,2015-10-13 06:44:03
844,16,26,12,7 Dwight Parkway,86-(523)268-9367,2015-12-24 04:21:03
845,6,37,93,59 Russell Street,1-(408)159-4758,2015-08-17 02:05:07
846,48,23,58,7576 Alpine Avenue,62-(272)774-3575,2016-03-28 06:28:55
847,44,18,17,797 Bowman Way,86-(263)640-4723,2015-04-04 13:05:25
848,6,18,34,2943 Arrowood Crossing,380-(865)735-0712,2015-11-07 18:23:11
849,29,31,65,080 Duke Place,62-(189)823-6797,2016-02-29 07:19:16
850,26,47,28,707 Anzinger Drive,86-(607)359-0964,2015-07-15 14:56:30
851,10,75,89,50 Barby Place,7-(865)282-9187,2016-02-17 19:36:38
852,39,57,11,260 Crownhardt Drive,86-(147)837-9367,2015-05-26 21:46:33
853,13,94,28,0230 Vahlen Pass,234-(111)603-4261,2015-05-11 13:22:47
854,34,65,3,56 Truax Center,86-(367)289-3018,2015-08-13 13:26:56
855,2,18,40,1 Fieldstone Way,53-(600)480-1841,2015-06-24 18:42:51
856,50,45,21,020 Nova Crossing,63-(338)971-5791,2016-01-25 22:08:08
857,12,17,63,3641 Pearson Road,48-(501)919-0124,2015-12-11 06:48:15
858,22,85,19,86148 Forster Junction,81-(457)753-2364,2016-03-06 21:06:23
859,23,40,23,63413 Armistice Junction,420-(663)139-3188,2015-07-05 02:50:24
860,23,30,79,80854 Ronald Regan Place,380-(661)966-2825,2015-07-22 05:33:41
861,30,77,22,69246 Almo Terrace,358-(937)528-0430,2015-07-01 15:54:11
862,45,81,29,4234 Cardinal Road,94-(943)216-8302,2015-04-19 23:01:11
863,11,24,85,70465 Bunker Hill Center,86-(577)463-8845,2016-03-27 10:53:39
864,44,16,22,366 Kensington Park,86-(704)450-9521,2015-11-10 12:40:00
865,50,95,38,70745 2nd Way,230-(651)354-8892,2015-06-02 18:53:28
866,15,46,21,411 Hagan Center,86-(234)570-9758,2015-04-10 03:52:39
867,8,9,65,7440 Loomis Lane,1-(475)532-5426,2015-06-16 19:43:56
868,37,62,29,42 High Crossing Lane,351-(634)903-0315,2015-08-17 17:44:50
869,29,11,18,633 Hagan Avenue,351-(398)128-1440,2015-12-21 20:39:00
870,28,28,38,4981 Sachs Lane,60-(519)698-4853,2015-08-02 12:07:17
871,15,54,52,836 Victoria Terrace,86-(614)782-7784,2015-09-19 13:59:53
872,29,92,75,2 Glendale Pass,86-(915)887-1021,2015-10-06 08:19:21
873,37,9,9,2 Ryan Alley,48-(413)103-9216,2016-01-08 18:51:58
874,27,98,17,648 Cottonwood Hill,63-(240)901-3349,2015-06-25 01:25:12
875,14,75,97,7996 Heffernan Lane,82-(314)741-3514,2015-05-09 07:19:37
876,28,36,4,200 Old Gate Drive,7-(108)920-7106,2015-09-04 15:52:19
877,42,9,50,6 Fulton Parkway,86-(489)728-7327,2015-08-04 09:14:50
878,35,60,59,601 Doe Crossing Plaza,30-(807)752-5100,2015-07-01 20:49:02
879,28,72,38,113 Kingsford Place,7-(298)162-1922,2015-06-25 01:03:51
880,20,19,33,6114 Dennis Alley,7-(994)312-2817,2015-09-17 09:39:04
881,14,69,24,53980 Anderson Crossing,86-(980)655-9021,2015-11-18 08:55:35
882,6,26,55,704 Kipling Hill,7-(650)700-4557,2016-03-20 00:46:15
883,47,88,60,8 Tony Drive,62-(225)896-9876,2016-01-04 03:32:23
884,22,14,54,0 Emmet Parkway,57-(143)401-9255,2016-03-03 13:15:05
885,50,12,57,2 Petterle Lane,82-(946)603-1599,2016-02-01 15:50:31
886,27,17,24,44 Fairfield Avenue,46-(528)409-9881,2016-03-20 16:02:01
887,34,93,80,686 Clarendon Park,86-(312)861-7101,2015-05-22 11:55:06
888,32,35,56,53289 Burning Wood Point,30-(970)594-7904,2015-12-16 14:46:56
889,30,66,72,5 Morningstar Place,380-(284)175-3922,2015-08-25 01:16:53
890,38,34,21,567 Mallory Hill,63-(664)271-8386,2016-03-13 13:28:45
891,33,59,49,62828 Memorial Trail,57-(445)331-9846,2015-10-16 12:00:39
892,39,31,72,84022 Larry Trail,46-(984)631-7305,2015-05-19 19:16:30
893,16,76,30,21 Kensington Crossing,62-(870)178-5868,2015-04-08 00:52:57
894,46,52,39,2 Summit Circle,86-(509)593-7525,2015-04-02 12:40:10
895,17,10,4,429 Washington Street,7-(958)402-6466,2015-09-25 22:33:15
896,33,66,7,6972 Mayer Park,54-(629)574-6273,2015-07-18 14:08:06
897,27,64,57,968 High Crossing Lane,86-(679)740-2883,2015-06-09 15:49:20
898,43,60,87,6306 Forest Parkway,1-(216)408-4519,2015-06-25 08:41:47
899,16,74,23,685 Swallow Plaza,505-(315)302-8312,2015-05-22 06:19:05
900,32,47,65,3 5th Pass,385-(626)432-0706,2015-07-11 12:40:14
901,48,96,90,5993 Ramsey Terrace,1-(303)585-9984,2015-09-04 19:59:27
902,32,88,52,1060 Longview Park,356-(118)730-6041,2015-09-14 15:45:08
903,43,35,31,31 Blue Bill Park Point,86-(160)890-1569,2015-10-21 09:01:44
904,13,80,63,516 Jackson Parkway,86-(899)825-6380,2015-11-30 08:02:13
905,48,7,31,19113 Fulton Junction,66-(126)622-8379,2015-08-19 17:15:59
906,11,32,42,07 Laurel Junction,385-(335)677-6473,2015-10-22 01:40:13
907,22,86,74,8194 Mayer Parkway,55-(542)364-8090,2015-12-22 20:56:34
908,42,83,51,3 Packers Center,55-(706)383-1862,2016-03-13 03:56:48
909,42,35,23,1 Quincy Lane,7-(879)498-3842,2015-05-05 23:53:11
910,19,69,75,79862 Sherman Park,358-(177)750-8533,2016-01-22 07:27:07
911,5,65,26,9 Quincy Trail,380-(946)246-0288,2015-09-30 05:28:49
912,40,11,72,2885 Sugar Alley,86-(242)491-3288,2015-12-15 22:16:33
913,34,48,32,52 Badeau Terrace,381-(405)423-8370,2015-12-19 08:01:35
914,23,67,93,8 Warbler Road,1-(312)345-8129,2015-08-06 10:06:57
915,32,82,38,850 Katie Court,970-(757)630-6783,2015-12-15 18:35:37
916,12,100,4,84519 Jenifer Point,86-(612)152-8461,2015-10-22 16:49:10
917,29,13,37,84345 Sundown Way,373-(683)358-4930,2016-01-12 18:28:48
918,24,59,43,72 Butternut Crossing,86-(889)545-2883,2016-03-13 22:27:34
919,11,20,31,07 Brickson Park Avenue,86-(425)590-8905,2015-09-10 04:04:37
920,46,5,61,5033 3rd Avenue,251-(764)711-9523,2015-07-31 14:46:27
921,7,52,48,315 Eastlawn Place,374-(259)301-5070,2015-10-25 22:56:28
922,23,3,11,189 Burning Wood Alley,7-(214)869-8139,2015-12-17 11:54:44
923,5,47,39,09 Scoville Pass,62-(150)988-8077,2016-02-17 22:08:20
924,18,86,73,6175 Katie Center,86-(378)324-2511,2015-10-12 17:09:14
925,49,75,98,947 Oneill Trail,267-(757)395-2181,2016-02-02 01:47:26
926,28,44,32,803 Menomonie Place,1-(260)848-7917,2015-06-26 01:02:55
927,35,7,21,5607 Susan Alley,387-(980)444-8927,2016-01-31 22:46:30
928,16,80,99,1080 Mitchell Park,62-(303)550-9638,2015-06-02 18:17:59
929,34,55,11,5 Vahlen Way,420-(520)988-1009,2015-12-19 03:06:22
930,7,74,75,6803 Village Green Way,63-(170)353-3452,2016-03-16 04:02:24
931,28,31,43,49 Doe Crossing Lane,62-(548)539-4808,2015-08-23 01:50:32
932,8,69,50,9 Transport Lane,381-(344)323-7557,2015-10-27 11:05:11
933,26,95,88,81 6th Parkway,86-(967)569-5843,2015-05-10 21:33:07
934,39,51,17,12 Johnson Park,351-(470)291-6469,2015-07-07 01:08:48
935,20,19,50,51772 Crest Line Center,502-(838)484-1388,2015-06-05 13:56:26
936,36,62,94,624 Cody Parkway,7-(140)322-1417,2015-05-22 15:34:26
937,24,31,14,25 Utah Street,33-(818)775-3360,2015-06-22 06:12:54
938,36,12,7,4 Kim Plaza,62-(597)554-1178,2015-04-12 03:07:39
939,41,24,74,8 Macpherson Drive,351-(904)509-6380,2015-08-27 06:07:08
940,15,21,14,12334 Jenifer Point,63-(442)386-0875,2015-07-05 11:05:11
941,5,7,45,76344 Goodland Parkway,62-(496)540-1407,2015-07-14 12:00:20
942,12,78,59,8344 Barnett Parkway,84-(192)428-0304,2015-04-12 12:49:37
943,48,6,25,8 Mcguire Avenue,351-(848)347-4513,2015-12-30 07:57:34
944,6,13,75,43 Porter Hill,86-(251)726-1593,2016-03-15 10:32:48
945,43,26,19,04 Milwaukee Parkway,62-(292)187-3273,2015-07-10 02:01:25
946,49,73,15,45 Haas Street,86-(452)139-8343,2016-01-17 18:21:44
947,30,86,93,7 Express Lane,86-(944)108-5470,2016-02-23 18:13:25
948,26,16,57,8 Bellgrove Circle,7-(393)217-9843,2015-04-30 12:05:48
949,2,62,24,102 Heffernan Trail,223-(151)740-0933,2015-04-25 05:22:43
950,21,38,13,75010 Loftsgordon Plaza,387-(140)609-7125,2016-03-15 09:01:32
951,35,36,90,2410 Eastlawn Trail,55-(371)968-4064,2015-12-23 16:50:15
952,34,49,60,5678 Aberg Way,55-(769)452-7501,2016-02-17 20:46:14
953,46,44,66,86614 Westport Street,1-(434)690-2416,2015-04-27 05:37:11
954,48,17,22,2 Summer Ridge Avenue,86-(676)870-6979,2015-08-13 00:08:50
955,15,64,16,18 Haas Lane,251-(332)250-4357,2015-04-03 05:53:16
956,34,33,11,50 Nancy Terrace,256-(115)324-0810,2015-09-28 11:12:07
957,24,88,2,91681 Starling Crossing,420-(383)655-5911,2015-10-22 12:25:40
958,18,72,74,176 Dixon Point,86-(598)343-8874,2015-09-16 11:19:23
959,35,26,53,0 Carberry Circle,7-(763)367-6265,2015-12-13 10:16:40
960,32,42,48,3 Gale Lane,66-(803)295-1338,2015-09-24 16:21:40
961,45,69,46,53667 Clyde Gallagher Street,86-(171)969-5170,2016-02-09 06:08:50
962,8,36,13,25914 3rd Plaza,7-(339)366-4924,2015-06-29 00:21:52
963,7,39,60,35 Merchant Lane,995-(273)882-8319,2015-10-03 10:45:51
964,10,80,86,79 Burning Wood Crossing,63-(664)311-9859,2016-01-03 11:13:30
965,16,97,67,52 Scoville Road,92-(348)599-6444,2015-09-15 19:30:05
966,50,31,84,69648 Hintze Trail,52-(644)779-1741,2015-04-29 09:34:44
967,34,62,26,274 Superior Avenue,66-(694)868-0774,2015-06-18 04:06:23
968,14,15,35,1033 Fair Oaks Road,86-(300)915-3628,2015-07-26 12:42:12
969,30,42,34,5664 Crest Line Point,54-(793)876-7575,2016-03-16 20:35:42
970,39,33,42,70849 Maryland Drive,506-(303)833-1989,2016-02-08 18:00:04
971,32,33,32,891 Maple Hill,48-(974)551-3438,2015-04-12 12:04:31
972,41,14,20,81 Stuart Lane,1-(712)424-4290,2015-05-30 06:26:50
973,31,51,76,09048 Myrtle Center,55-(916)193-6765,2015-11-30 10:32:16
974,11,91,31,86725 Rutledge Way,62-(479)180-4296,2015-09-13 15:39:58
975,11,44,35,8 Schiller Alley,81-(887)581-1566,2015-09-13 13:47:45
976,19,3,55,802 Weeping Birch Junction,505-(359)278-5934,2015-06-13 01:53:53
977,6,7,37,19853 Sunnyside Point,86-(566)419-7070,2016-02-17 18:54:57
978,21,18,93,11382 Harbort Terrace,62-(597)613-0625,2015-11-28 10:45:04
979,34,49,67,0 Milwaukee Street,62-(728)707-8342,2015-11-17 01:17:30
980,46,79,86,4 Dawn Lane,57-(372)340-1464,2015-03-31 13:54:56
981,22,1,84,372 Amoth Alley,57-(910)763-5002,2015-06-19 01:40:49
982,26,60,100,8 Coleman Court,62-(533)812-0185,2015-05-30 21:53:49
983,44,2,1,2892 Sage Lane,351-(912)223-6701,2015-09-29 04:06:37
984,45,39,91,12 Ruskin Parkway,58-(430)864-6960,2015-07-02 04:22:09
985,44,46,35,3 Ryan Circle,86-(973)800-6386,2015-11-29 09:49:29
986,7,10,69,9537 Nova Road,387-(473)941-8313,2015-04-17 08:46:36
987,13,67,88,89970 Luster Trail,55-(181)540-1074,2015-12-06 11:39:56
988,17,83,99,53 Mosinee Street,62-(475)126-1029,2016-03-15 21:49:26
989,12,1,28,9908 Oxford Court,55-(634)661-7405,2015-11-10 17:23:03
990,17,32,91,78534 Spohn Lane,351-(117)492-2480,2015-06-11 12:40:39
991,17,30,31,56592 Barby Circle,86-(629)112-5860,2015-12-05 06:23:51
992,40,66,82,5 6th Plaza,7-(268)818-2687,2015-09-03 06:57:01
993,37,92,47,068 Cordelia Terrace,351-(468)486-5552,2015-05-28 21:34:12
994,19,57,30,52268 Chive Center,48-(940)189-1803,2015-05-09 06:36:34
995,26,33,65,55 Chinook Lane,48-(933)977-1953,2015-10-17 05:55:01
996,23,35,15,303 Sunbrook Pass,64-(818)273-6038,2015-11-09 19:49:37
997,10,41,42,92566 Lien Hill,7-(684)147-9007,2015-04-15 21:35:37
998,9,23,1,42361 Dunning Road,86-(804)251-3111,2015-08-12 18:33:18
999,28,44,9,0516 Banding Alley,86-(262)192-9488,2015-07-12 06:33:19
1000,28,34,17,93 Shoshone Hill,86-(181)778-2812,2015-04-04 01:20:10
